trial_idx,score,total_latency_cycles,vc_wait_cycles,buffer_wait_cycles,link_wait_cycles,pipeline_cycles,network_throughput,network_saturation,pe_width,noc_num_vcs,noc_buffer_depth
0,-61321.600000000006,32270,290516,0,0,120327,0.6981096994112178,1.0,16,1,4
1,-61321.600000000006,32270,290516,0,0,120327,0.6981096994112178,1.0,8,1,16
2,-61321.600000000006,32270,290516,0,0,120327,0.6981096994112178,1.0,32,1,16
3,-61321.600000000006,32270,290516,0,0,120327,0.6981096994112178,1.0,8,1,8
4,-61321.600000000006,32270,290516,0,0,120327,0.6981096994112178,1.0,8,1,4
5,-16897.7,12838,40597,0,0,247515,1.7547904658046425,1.0,16,4,16
6,-31553.6,19719,118346,0,0,157461,1.1424514427709316,1.0,16,2,16
7,-61321.600000000006,32270,290516,0,0,120327,0.6981096994112178,1.0,8,1,4
