trial_idx,score,total_latency_cycles,vc_wait_cycles,buffer_wait_cycles,link_wait_cycles,pipeline_cycles,network_throughput,network_saturation,pe_width,noc_num_vcs,noc_buffer_depth
0,-300607285.40000004,298594967,20039616,0,167136,5488544,16.589392478302795,1.0,16,1,4
1,-1193109301.3999999,1191096983,20039616,0,167136,5488544,16.589392478302795,1.0,8,1,16
2,-77481781.39999999,75469463,20039616,0,167136,5488544,16.589392478302795,1.0,32,1,16
3,-1193109301.3999999,1191096983,20039616,0,167136,5488544,16.589392478302795,1.0,8,1,8
4,-1193109301.3999999,1191096983,20039616,0,167136,5488544,16.589392478302795,1.0,8,1,4
5,-300245795.8,298605303,16306848,0,196160,8611328,16.251920896838392,1.0,16,4,16
6,-300327863.0,298601943,17168512,0,181376,6724736,16.360109047105812,1.0,16,2,16
7,-1193109301.3999999,1191096983,20039616,0,167136,5488544,16.589392478302795,1.0,8,1,4
