trial_idx,score,total_latency_cycles,vc_wait_cycles,buffer_wait_cycles,link_wait_cycles,pipeline_cycles,gateway_noc_hops,gateway_peak_load,network_throughput,network_saturation,pe_width,noc_num_vcs,noc_buffer_depth,gateways_per_reticle,gateway_policy
0,-302044578.76,298889495,31453824,0,193984,5214528,360,36,10.422391857506362,1.0,16,1,4,4,load_aware
1,-1194546594.76,1191391511,31453824,0,193984,5214528,360,36,10.422391857506362,1.0,8,1,16,4,load_aware
2,-78919074.76,75763991,31453824,0,193984,5214528,360,36,10.422391857506362,1.0,32,1,16,4,load_aware
3,-1194546594.76,1191391511,31453824,0,193984,5214528,360,36,10.422391857506362,1.0,8,1,8,4,load_aware
4,-1194546594.76,1191391511,31453824,0,193984,5214528,360,36,10.422391857506362,1.0,8,1,4,4,load_aware
5,-300427898.76000005,298650807,17664000,0,213792,9595392,360,36,14.91606936416185,1.0,16,4,16,4,load_aware
6,-300579625.16,298650807,19181280,0,213760,6436160,360,36,14.91606936416185,1.0,16,2,16,4,load_aware
7,-1194546594.76,1191391511,31453824,0,193984,5214528,360,36,10.422391857506362,1.0,8,1,4,4,load_aware
