trial_idx,score,total_latency_cycles,vc_wait_cycles,buffer_wait_cycles,link_wait_cycles,pipeline_cycles,network_throughput,network_saturation,pe_width,noc_num_vcs,noc_buffer_depth
0,-302698208.6,302672599,800,1280,508032,1024,0.9023856316573531,0.0004546058567222218,16,1,4
1,-1195199168.6,1195173655,800,320,508032,1024,0.9025750082195997,0.0002448391406845702,8,1,16
2,-79571648.6,79546135,800,320,508032,1024,0.9025750082195997,0.0002448391406845702,32,1,16
3,-1195199520.6,1195173975,800,640,508032,1024,0.9025118738676982,0.00031477116136568713,8,1,8
4,-1195200224.6,1195174615,800,1280,508032,1024,0.9023856316573531,0.0004546058567222218,8,1,4
5,-302696492.6,302671039,200,320,508032,1024,0.9026934089402496,0.00011369022736296392,16,4,16
6,-302696712.6,302671239,400,320,508032,1024,0.9026539385819775,0.0001574103548029397,16,2,16
7,-1195200224.6,1195174615,800,1280,508032,1024,0.9023856316573531,0.0004546058567222218,8,1,4
